ALBEPIERRE-BREDONS,mairie.albepierre@wanadoo.fr
ALLANCHE,mairie.allanche@wanadoo.fr
ALLEUZE,mairie@alleuze.com
ALLY,mairiedally@wanadoo.fr
ANDELAT,mairie-andelat@wanadoo.fr
ANGLARDS-DE-SAINT-FLOUR,
ANGLARDS-DE-SALERS,anglards-de-salers.mairie@wanadoo.fr
ANTERRIEUX,mairie.anterrieux@wanadoo.fr
ANTIGNAC,mairie.antignac@wanadoo.fr
APCHON,mairie.apchon@wanadoo.fr
ARCHES,mairie.arches@wanadoo.fr
ARNAC,mairiearnac@wanadoo.fr
ARPAJON-SUR-CERE,mairie-arpajonsurcere@wanadoo.fr
AURIAC-L'EGLISE,mairie.auriac.leglise@wanadoo.fr
AURILLAC,mairie@ville-aurillac.fr
AUZERS,auzers.mairie@orange.fr
AYRENS,mairie.ayrens@wanadoo.fr
BADAILHAC,badailhac.mairie@wanadoo.fr
BARRIAC-LES-BOSQUETS,mairie.barriac@wanadoo.fr
BASSIGNAC,mairie.bassignac@laposte.net
BEAULIEU,
BESSE,commune.besse@orange.fr
BOISSET,communeboisset@wanadoo.fr
BONNAC,mairie.bonnac.commune@wanadoo.fr
BRAGEAC,mairie.brageac@wanadoo.fr
BREZONS,mairie.brezons@wanadoo.fr
CALVINET,mairie.calvinet@wanadoo.fr
CARLAT,mairie.carlat@wanadoo.fr
CASSANIOUZE,mairie.cassaniouze@wanadoo.fr
CAYROLS,mairiecayrols@wanadoo.fr
CELLES,mairie.celles34@orange.fr
CELOUX,
CEZENS,mairie.cezens@orange.fr
CHALIERS,mairiede.chaliers@wanadoo.fr
CHALINARGUES,chalinargues.mairie@wanadoo.fr
CHALVIGNAC,mairie.chalvignac@wanadoo.fr
CHAMPAGNAC,mairie.champagnac@wanadoo.fr
CHAMPS-SUR-TARENTAINE-MARCHAL,contact@champs-marchal.org
CHANTERELLE,mairie-chanterelle@wanadoo.fr
CHARMENSAC,mairiecharmensac@wanadoo.fr
CHASTEL-SUR-MURAT,mairiechastelsurmurat@wanadoo.fr
CHAUDES-AIGUES,mf.mairiechaudesaigues@wanadoo.fr
CHAUSSENAC,mairie.chaussenac@wanadoo.fr
CHAVAGNAC,chavagnac15-mairie@wanadoo.fr
CHAZELLES,commune.chazelles@wanadoo.fr
CHEYLADE,mairie.cheylade@wanadoo.fr
CLAVIERES,mairie.clavieres15@wanadoo.fr
COLLANDRES,mairie.collandres@wanadoo.fr
COLTINES,coltines@wanadoo.fr
CONDAT,condat.mairie@wanadoo.fr
COREN-LES-EAUX,mairie.coren-les-eaux15@wanadoo.fr
CRANDELLES,crandelles@voila.fr
CROS-DE-MONTVERT,crosdemontvert@wanadoo.fr
CROS-DE-RONESQUE,mairie.cros-de-ronesque@wanadoo.fr
CUSSAC,mairie-cussac@wanadoo.fr
DEUX-VERGES,mairie.deux-verges@wanadoo.fr
DIENNE,mairie.dienne@wanadoo.fr
DRUGEAC,mairie.drugeac@wanadoo.fr
ESCORAILLES,mairie.escorailles@wanadoo.fr
ESPINASSE,espinasse.mairie@wanadoo.fr
FAVEROLLES,faverolles.mairie@wanadoo.fr
FERRIERES-SAINT-MARY,commune.ferrieresstmary@orange.fr
FONTANGES,mairie.fontanges2@wanadoo.fr
FOURNOULES,mairie-fournoules@wanadoo.fr
FREIX-ANGLARDS,freixanglards.mairie@wanadoo.fr
FRIDEFONT,mairie.fridefont@wanadoo.fr
GIOU-DE-MAMOU,mairie.gioudemamou@wanadoo.fr
GIRGOLS,girgols@wanadoo.fr
GLENAT,mairie@glenat15.fr
GOURDIEGES,
JABRUN,mairie.jabrun@wanadoo.fr
JALEYRAC,mairie.jaleyrac@wanadoo.fr
JOURSAC,mairie.joursac@cybercantal.org
JOU-SOUS-MONJOU,ecole.jou-sous-monjou@wanadoo.fr
JUNHAC,mairiejunhac@wanadoo.fr
JUSSAC,mairie.jussac@wanadoo.fr
LABESSERETTE,mairie.labesserette@wanadoo.fr
LABROUSSE,mairie.labrousse15@orange.fr
LACAPELLE-BARREZ,mairie.lacapelle.barrez@wanadoo.fr
LACAPELLE-DEL-FRAISSE,mairie.lacapelle-del-fraisse@wanadoo.fr
LACAPELLE-VIESCAMP,lacapelleviescamp.mairie@wanadoo.fr
LA-CHAPELLE-D'ALAGNON,mairielachapelledalagnon@wanadoo.fr
LA-CHAPELLE-LAURENT,chapelle-laurent.mairie@wanadoo.fr
LADINHAC,ladinhac.mairie@wanadoo.fr
LAFEUILLADE-EN-VEZIE,mairielafeuillade@wanadoo.fr
LA-MONSELIE,descouro@netcourrier.com
LANDEYRAT,mairie.landeyrat@cybercantal.org
LANOBRE,mairie.lanobre@wanadoo.fr
LAPEYRUGUE,mairie.lapeyrugue@orange.fr
LAROQUEBROU,mairiedelaroquebrou@wanadoo.fr
LAROQUEVIEILLE,mairie.laroquevieille@wanadoo.fr
LASCELLE,mairielascelle@wanadoo.fr
LA-SEGALASSIERE,communedelasegalassiere@wanadoo.fr
LASTIC,mairielastic@orange.fr
LA-TRINITAT,mairie.la.trinitat@wanadoo.fr
LAURIE,laurie36@wanadoo.fr
LAVASTRIE,mairie.lavastrie@orange.fr
LAVEISSENET,mairie.laveissenet@wanadoo.fr
LAVEISSIERE,mairie-laveissiere@wanadoo.fr
LAVIGERIE,mairie.lavigerie@wanadoo.fr
LE-CLAUX-PUY-MARY,mairie.leclaux@wanadoo.fr
LE-FALGOUX,mairie.lefalgoux@wanadoo.fr
LE-FAU,mairie.lefau@wanadoo.fr
LE-MONTEIL,mairie.lemonteil2@wanadoo.fr
LE-ROUGET,mairie-lerouget@wanadoo.fr
LES-TERNES,mairie.lesternes@wanadoo.fr
LE-TRIOULOU,mairie-du-trioulou@wanadoo.fr
LEUCAMP,mairie.leucamp@wanadoo.fr
LE-VAULMIER,mairie.levaulmier@wanadoo.fr
LE-VIGEAN,mairie.levigean@wanadoo.fr
LEYNHAC,leynhac.mairie@wanadoo.fr
LEYVAUX,LEYVAUX@wanadoo.fr
LIEUTADES,mairie.lieutades@wanadoo.fr
LORCIERES,mairie.lorcieres15@wanadoo.fr
LOUBARESSE,mairie.loubaresse@wanadoo.fr
LUGARDE,mairie.lugarde@wanadoo.fr
MADIC,MairieMadic@wanadoo.fr
MALBO,mairie-malbo@wanadoo.fr
MANDAILLES-SAINT-JULIEN,mairie.mandailles@orange.fr
MARCENAT,marcenat.mairie@wanadoo.fr
MARCHASTEL,Marchastel.Mairie@wanadoo.fr
MARCOLES,mairie-marcoles@wanadoo.fr
MARMANHAC,mairie.marmanhac@wanadoo.fr
MASSIAC,accueil@mairiedemassiac.fr
MAURIAC,mairie@mauriac.fr
MAURINES,mairie.maurines@wanadoo.fr
MAURS-LA-JOLIE,mairie@ville-maurs.fr
MEALLET,mairie-de-meallet@wanadoo.fr
MENET,villedemenet@free.fr
MENTIERES,mairie.mentieres@wanadoo.fr
MOLEDES,moledes.mairie@wanadoo.fr
MOLOMPIZE,mairie.molompize@wanadoo.fr
MONTBOUDIF,mairie-montboudif@wanadoo.fr
MONTCHAMP,mairie.montchamp@wanadoo.fr
MONTGRELEIX,mairie.montgreleix@wanadoo.fr
