AIGALIERS,mairie.aigaliers@wanadoo.fr
AIGREMONT,mairie-daigremont@wanadoo.fr
AIGUES-MORTES,contact@ville-aigues-mortes.fr
AIGUES-VIVES,mairie@aigues-vives.fr
AIGUEZE,mairie.aigueze@wanadoo.fr
AIMARGUES,murielrigard@aimargues.fr
ALES,communication@ville-ales.net
ALLEGRE-LES-FUMADES,mairie.allegre-les-fumades@wanadoo.fr
ALZON,mairie.alzon@wanadoo.fr
ANDUZE,contact@mairie-anduze.com
ARAMON,mairie.aramon@wanadoo.fr
ARGILLIERS,mairie.argilliers@orange.fr
ARPAILLARGUES-ET-AUREILLAC,contact@arpaillargues-aureilhac.fr
ARPHY,mairie.arphy@wanadoo.fr
ARRE,commune.arre@wanadoo.fr
ARRIGAS,mairie.arrigas@wanadoo.fr
ASPERES,mairie-asperes@wanadoo.fr
AUBAIS,contact.mairie@aubais.fr
AUBORD,mairie.aubord@wanadoo.fr
AUBUSSARGUES,aubussargues@orange.fr
AUJAC,aujac.mairie@meshnet.fr
AUJARGUES,mairie-aujargues@wanadoo.fr
AULAS,mairie.aulas@wanadoo.fr
AUMESSAS,mairieaumessas@wanadoo.fr
AVEZE,maveze@wanadoo.fr
BAGARD,accueil@ville-de-bagard.fr
BAGNOLS-SUR-CEZE,mairie@bagnolssurceze.fr
BARJAC,mairie.barjac@wanadoo.fr
BARON,maire30700baron@orange.fr
BEAUCAIRE,webmestre@beaucaire.fr
BEAUVOISIN,accueil.beauvoisin@gmail.com
BELLEGARDE,mairiebellegardegard@wanadoo.fr
BELVEZET,mairie.belvezet@wanadoo.fr
BERNIS,mairie.bernis@wanadoo.fr
BESSEGES,mairie-de-besseges@wanadoo.fr
BEZ-ET-ESPARON,commune-bez-et-esparon@wanadoo.fr
BEZOUCE,mairie@bezouce.org
BLANDAS,
BLAUZAC,mairie.blauzac@wanadoo.fr
BOISSET-ET-GAUJAC,mairie.boissetetgaujac@wanadoo.fr
BOISSIERES,mairie-boissieres@wanadoo.fr
BONNEVAUX,mairie.bonnevaux@free.fr
BORDEZAC,mairie.bordezac@wanadoo.fr
BOUCOIRAN-ET-NOZIERES,mairie.boucoiran@wanadoo.fr
BOUILLARGUES,mairie.bouillargues@wanadoo.fr
BOUQUET,mairie.bouquet@wanadoo.fr
BOURDIC,mairie.bourdic@laposte.net
BRAGASSARGUES,mairie.braga@wanadoo.fr
BRANOUX-LES-TAILLADES,mairie-branoux.les.taillades@wanadoo.fr
BREAU-ET-SALAGOSSE,mairie.breau.et.salagosse@wanadoo.fr
BRIGNON,ville.brignon@wanadoo.fr
BROUZET-LES-ALES,mairiebla@wanadoo.fr
BROUZET-LES-QUISSAC,mairie.brouzet@wanadoo.fr
CABRIERES,mairiecabrieres@wanadoo.fr
CAISSARGUES,mairie.caissargues@wanadoo.fr
CALVISSON,calvisson@wanadoo.fr
CAMPESTRE-ET-LUC,mairie-campestre@orange.fr
CANAULES-ET-ARGENTIERES,canaules.argentieres@orange.fr
CANNES-ET-CLAIRAN,mairie-cannesclairan@wanadoo.fr
CARDET,mairiedecardet@orange.fr
CARNAS,mairie@carnas.fr
CARSAN,mairie.carsan@wanadoo.fr
CASSAGNOLES,mairie.cassagnoles@wanadoo.fr
CASTELNAU-VALENCE,mairie.castelnau.valence@wanadoo.fr
CASTILLON-DU-GARD,mairie@castillondugard.fr
CAUSSE-BEGON,mairie.caussebegon@orange.fr
CAVEIRAC,contact@mairie-caveirac.fr
CAVILLARGUES,mairie-cavillargues@nordnet.fr
CENDRAS,mairie-cendras@wanadoo.fr
CHAMBON,mairie-du-chambon@wanadoo.fr
CHAMBORIGAUD,mairie.chamborigaud@wanadoo.fr
CHUSCLAN,mairie.chusclan@chusclan.fr
CLARENSAC,mairie.clarensac@wanadoo.fr
CODOGNAN,mairie.codognan@wanadoo.fr
CODOLET,mairie@codolet.fr
COLLIAS,la-mairie-de-collias@wanadoo.fr
COLLORGUES,mairie.collorgues@wanadoo.fr
COLOGNAC,mairie-colognac@wanadoo.fr
COMBAS,combas.gard@wanadoo.fr
COMPS,mairie.de.comps@wanadoo.fr
CONCOULES,mairie.concoules@orange.fr
CONGENIES,mairie.congenies@wanadoo.fr
CONNAUX,mairie-connaux@wanadoo.fr
CONQUEYRAC,mairiedeconqueyrac@wanadoo.fr
CORBES,mairie@corbes.fr
CORCONNE,corconne@wanadoo.fr
CORNILLON,mairie-cornillon@wanadoo.fr
COURRY,mairiecourry@orange.fr
CRESPIAN,
CROS,communecros@nordnet.fr
CRUVIERS-LASCOURS,ville-cruviers-lascours@wanadoo.fr
DEAUX,mairie.deaux@orange.fr
DIONS,charpico@wanadoo.fr
DOMAZAN,mairie-domazan@wanadoo.fr
DOMESSARGUES,
DOURBIES,mairiededourbies@orange.fr
DURFORT-ET-ST-MARTIN-DE-SOSSEN,mairie.durfort@wanadoo.fr
ESTEZARGUES,estezargues.mairie@wanadoo.fr
EUZET,commune.euzet@wanadoo.fr
FLAUX,mairiedeflaux@wanadoo.fr
FOISSAC,mairie.foissac@laposte.net
FONS,mairie.fons.outre.gardon@wanadoo.fr
FONS-SUR-LUSSAN,mairie.fonsurlussan@wanadoo.fr
FONTANES,fontanes30@wanadoo.fr
FONTARECHES,communedefontareches@wanadoo.fr
FOURNES,mairiedefournes@wanadoo.fr
FOURQUES,mairie.fourques@worldonline.fr
FRESSAC,mairie.fressac@laposte.net
GAGNIERES,mairie.gagnieres@laposte.net
GAILHAN,gailhan@wanadoo.fr
GAJAN,mairie.gajan@wanadoo.fr
GALLARGUES-LE-MONTUEUX,mairie@gallargues.fr
GARONS,secretariat@garons.fr
GARRIGUES-SAINTE-EULALIE,garrigues.ste.eulalie@wanadoo.fr
GAUJAC,mairie-gaujac@wanadoo.fr
GENERAC,mairiegenerac@yahoo.fr
GENERARGUES,mairie.generargues@wanadoo.fr
GENOLHAC,maire@mairie-genolhac.com
GOUDARGUES,mairie.goudargues@wanadoo.fr
ISSIRAC,issirac@wanadoo.fr
JONQUIERES-SAINT-VINCENT,mairie.jonquieres.stvincent@wanadoo.fr
JUNAS,mairie-de-junas@wanadoo.fr
LA-BASTIDE-D'ENGRAS,la-bastide-dengras@wanadoo.fr
LA-BRUGUIERE,commune-la-bruguiere@orange.fr
LA-CADIERE-ET-CAMBO,commune.cadiere.cambo@orange.fr
LA-CALMETTE,mairie.lacalmette@wanadoo.fr
LA-CAPELLE-ET-MASMOLENE,lacapelle.masmolene@gmail.com
LA-GRAND-COMBE,mairie@lagrandcombe.fr
LAMELOUZE,communedelamelouze@orange.fr
LANGLADE,
LANUEJOLS,mairie@lanuejols.com
LA-ROQUE-SUR-CEZE,mairie.laroquesurceze@wanadoo.fr
LA-ROUVIERE,mairie.rouviere@wanadoo.fr
LASALLE,mairielasalle@wanadoo.fr
LAUDUN-L'ARDOISE,fvaneecloo@laudunlardoise.fr
LAVAL-PRADEL,mairiedelavalpradel@wanadoo.fr
LAVAL-SAINT-ROMAN,communelavalstroman@wanadoo.fr
LA-VERNAREDE,ville.lavernarede@wanadoo.fr
LE-CAILAR,communelecailar@wanadoo.fr
LECQUES,mairie-de-lecques@wanadoo.fr
LEDENON,contact@mairie-de-ledenon.fr
LEDIGNAN,mairieledignan@wanadoo.fr
LE-GARN,mairie-le-garn@wanadoo.fr
LE-GRAU-DU-ROI,communication@ville-legrauduroi.fr
LE-MARTINET,mairie.lemartinet@wanadoo.fr
LE-PIN,mairie-le-pin2@wanadoo.fr
LES-ANGLES,contact@lesangles30.eu
LES-MAGES,mairie.les.mages@wanadoo.fr
LES-PLANS,commune-les-plans@orange.fr
LES-PLANTIERS,les.plantiers@wanadoo.fr
LES-SALLES-DU-GARDON,info@comune.saint-vincent.ao.it
L'ESTRECHURE,mairie.l-estrechure@wanadoo.fr
LE-VIGAN,mairie-le-vigan@wanadoo.fr
LEZAN,mairie.lezan@wanadoo.fr
LIOUC,mairie.de.liouc@wanadoo.fr
LIRAC,infos@mairie-lirac.com
LOGRIAN-FLORIAN,mairielogrian@orange.fr
LUSSAN,mairie-de-lussan@wanadoo.fr
MALONS-ET-ELZE,malonsetelze@nordnet.fr
MANDAGOUT,mairie.mandagout@wanadoo.fr
MANDUEL,mairiedemanduel@wanadoo.fr
MARGUERITTES,marguerittes.mairie@wanadoo.fr
MARS,mairie.mars@wanadoo.fr
MARTIGNARGUES,communedemartignargues@wanadoo.fr
MARUEJOLS-LES-GARDON,mairie-maruejolslesgardon@orange.fr
MASSANES,mairie.massanes@wanadoo.fr
MASSILLARGUES-ATTUECH,mairie.massillargues-atuech@wanadoo.fr
MAURESSARGUES,mairie.mauressargues@laposte.net
MEJANNES-LE-CLAP,mairie.mejannesclap@orange.fr
MEJANNES-LES-ALES,mairie.mejanneslesales@wanadoo.fr
MEYNES,mairiedemeynes@wanadoo.fr
MEYRANNES,mairie.meyrannes@wanadoo.fr
MIALET,communedemialet@wanadoo.fr
MILHAUD,ville.milhaud@wanadoo.fr
MOLIERES-CAVAILLAC,mairie.molieres-cavaillac@wanadoo.fr
MOLIERES-SUR-CEZE,mairie.molieres.sur.ceze@wanadoo.fr
MONOBLET,communedemonoblet@wanadoo.fr
