ANDELNANS,mairie.andelnans@libertysurf.fr
ANGEOT,mairie.angeot@wanadoo.fr
ANJOUTEY,mairie.danjoutey@wanadoo.fr
ARGIESANS,mairie-argiesans@wanadoo.fr
AUTRECHENE,mairie.autrechene@wanadoo.fr
AUXELLES-BAS,commune.auxelles.bas@wanadoo.fr
AUXELLES-HAUT,mairie.auxelleshaut@wanadoo.fr
BANVILLARS,mairie.banvillars@wanadoo.fr
BAVILLIERS,mairie@bavilliers.fr
BEAUCOURT,contact@ville-beaucourt.fr
BELFORT,courrier@mairie-belfort.fr
BERMONT,mairie.bermont@wanadoo.fr
BESSONCOURT,bessoncourt.mairie@wanadoo.fr
BETHONVILLIERS,mairie.bethonvilliers@wanadoo.fr
BORON,mairie.boron@wanadoo.fr
BOTANS,mairie.debotans@wanadoo.fr
BOURG-SOUS-CHATELET,mairiedebourg@wanadoo.fr
BOUROGNE,mairie.bourogne@wanadoo.fr
BREBOTTE,mairie.brebotte90@wanadoo.fr
BRETAGNE,mairie-bretagne@wanadoo.fr
BUC,mairie-buc90@wanadoo.fr
CHARMOIS,mairie.charmois@wanadoo.fr
CHATENOIS-LES-FORGES,chatenois.mairie@wanadoo.fr
CHAUX,mairie.chaux90@wanadoo.fr
CHAVANATTE,mairie.chavanatte@laposte.net
CHAVANNES-LES-GRANDS,mairie-chavanneslesgrands@wanadoo.fr
CHEVREMONT,commune-chevremont@wanadoo.fr
COURCELLES,courcellesmairie@orange.fr
COURTELEVANT,mairie-courtelevant@wanadoo.fr
CRAVANCHE,contact@cravanche.fr
CROIX,mairie.croix90@wanadoo.fr
CUNELIERES,mairie-cunelieres@orange.fr
DANJOUTIN,secretariat@mairiedanjoutin.fr
DELLE,mairie@delle.fr
DENNEY,mairie@denney.fr
DORANS,mairie.dorans@wanadoo.fr
EGUENIGUE,mairie.eguenigue@wanadoo.fr
ELOIE,eloie.mairie@wanadoo.fr
ESSERT,mairie@essert-france.eu
ETUEFFONT,etueffont.mairie@wanadoo.fr
EVETTE-SALBERT,mairie@evettesalbert.fr
FAVEROIS,mairie.faverois@wanadoo.fr
FECHE-L'EGLISE,mairie.feche@wanadoo.fr
FELON,mairiefelon@orange.fr
FLORIMONT,mairie.de.florimont@wanadoo.fr
FONTAINE,fontaine.mairie@wanadoo.fr
FONTENELLE,mairie.fontenelle90@wanadoo.fr
FOUSSEMAGNE,secretariat@foussemagne.com
FRAIS,mairie.frais90@orange.fr
FROIDEFONTAINE,mairie.froidefontaine@wanadoo.fr
GIROMAGNY,mairie@giromagny.fr
GRANDVILLARS,mairie.grandvillars@wanadoo.fr
GROSMAGNY,mairie.grosmagny@wanadoo.fr
GROSNE,mairie.grosne@wanadoo.fr
JONCHEREY,mairie.joncherey@orange.fr
LACHAPELLE-SOUS-CHAUX,mairie.lsc@wanadoo.fr
LACHAPELLE-SOUS-ROUGEMONT,mairielachapelle-rougemont@wanadoo.fr
LACOLLONGE,mairie.lacollonge@wanadoo.fr
LAGRANGE,mairie.lagrange@wanadoo.fr
LAMADELEINE-VAL-DES-ANGES,lamadeleine-valdesanges@wanadoo.fr
LARIVIERE,mairie.lariviere@wanadoo.fr
LEBETAIN,lebetain.mairie@wanadoo.fr
LEPUIX-GY,mairielepuix-gy@wanadoo.fr
LEPUIX-NEUF,lepuixneuf.mairie@free.fr
LEVAL,mairie.de.leval@wanadoo.fr
MENONCOURT,mairie.menoncourt@wanadoo.fr
MEROUX,mairie.meroux@wanadoo.fr
MEZIRE,MAIRIE.MEZIRE@wanadoo.fr
MONTBOUTON,mairiemontbouton@wanadoo.fr
MONTREUX-CHATEAU,mairie-montreux-chateau@wanadoo.fr
MORVILLARS,communedemorvillars@orange.fr
MOVAL,mairie-moval@wanadoo.fr
NOVILLARD,mairie.novillard@wanadoo.fr
OFFEMONT,contact@mairie-offemont.fr
PEROUSE,mairie.perouse@wanadoo.fr
PETIT-CROIX,mairie.petit.croix@wanadoo.fr
PETITEFONTAINE,mairie.petitefontaine@orange.fr
PETITMAGNY,mairie.petitmagny@wanadoo.fr
PHAFFANS,mairie-phaffans@wanadoo.fr
RECHESY,mairie.rechesy@wanadoo.fr
RECOUVRANCE,recouvrance.mairie@wanadoo.fr
REPPE,commune.reppe@orange.fr
RIERVESCEMONT,mairie.riervescemont@wanadoo.fr
ROMAGNY-SOUS-ROUGEMONT,mairie-romagny-sous-rougemont@orange.fr
ROPPE,mairie.roppe@wanadoo.fr
ROUGEGOUTTE,mairie-rougegoutte@wanadoo.fr
ROUGEMONT-LE-CHATEAU,mairie.rougemont-le-chateau@wanadoo.fr
SAINT-DIZIER-L'EVEQUE,mairiestdizier90@wanadoo.fr
SAINT-GERMAIN-LE-CHATELET,mairiesaintgermain@wanadoo.fr
SERMAMAGNY,mairiedesermamagny@wanadoo.fr
SEVENANS,mairiesevenans@wanadoo.fr
SUARCE,mairie.suarce@gmail.com
THIANCOURT,mairie.thiancourt@wanadoo.fr
TREVENANS,mairie.trevenans@wanadoo.fr
URCEREY,mairie.urcerey@wanadoo.fr
VALDOIE,contact@mairievaldoie.com
VAUTHIERMONT,mairie.vauthiermont@laposte.net
VELLESCOT,mairie.vellescot@wanadoo.fr
VESCEMONT,commune.vescemont@wanadoo.fr
VETRIGNE,mairie.vetrigne@wanadoo.fr
VEZELOIS,mairie.vezelois@laposte.net
VILLARS-LE-SEC,mairie.villars90@gmail.com
